Tree,Rank,Feature,Importance
Full Tree,1,WAP075,0.11157299507512526
Full Tree,2,WAP080,0.08935710930800628
Full Tree,3,WAP043,0.07130769940328248
Full Tree,4,WAP042,0.06257369004764264
Full Tree,5,WAP040,0.060487386195439016
Minimum CV Tree,1,WAP075,0.11243982477880757
Minimum CV Tree,2,WAP080,0.08988161372772342
Minimum CV Tree,3,WAP043,0.0718617011301555
Minimum CV Tree,4,WAP042,0.06305983576028382
Minimum CV Tree,5,WAP040,0.060957323056209003
1-SE Tree,1,WAP075,0.11387509543752022
1-SE Tree,2,WAP080,0.0914403319068493
1-SE Tree,3,WAP043,0.07310791974249373
1-SE Tree,4,WAP042,0.06415341328182234
1-SE Tree,5,WAP040,0.06152868393332457
