ccp_alpha,cv_error,standard_error
0.0,0.030100327153762273,0.0028642202237445357
0.00012565716671463273,0.030100327153762273,0.0028642202237445357
0.00012668181951007803,0.030100327153762273,0.0028642202237445357
0.00018800573542830215,0.029909850963286088,0.00283952098523061
0.0001896095758253204,0.029909850963286088,0.00283952098523061
0.00018982096321864373,0.029909850963286088,0.00283952098523061
0.00018989191674790776,0.029909850963286088,0.00283952098523061
0.00019007249593785952,0.029909850963286088,0.00283952098523061
0.00019009376982324173,0.029909850963286088,0.00283952098523061
0.00019051247856734617,0.029909850963286088,0.00283952098523061
0.00025401663808979484,0.028766630316248643,0.002530111771659668
0.0003048199657077538,0.028766630316248643,0.002530111771659668
0.0003265928204011649,0.029147946201381315,0.0026334375385964714
0.00035380888876792866,0.030482370047255535,0.0027680343059411456
0.00035861172436206344,0.030482370047255535,0.0027680343059411456
0.00037066514595655067,0.030482370047255535,0.002648964925896577
0.0003748622618958134,0.030482370047255535,0.002648964925896577
0.00037516303471723573,0.030482370047255535,0.002648964925896577
0.0003810249571346923,0.03086332242820792,0.0027357112652856407
0.00039092769835730846,0.03086332242820792,0.0027357112652856407
0.0004082410255014561,0.03086332242820792,0.0027357112652856407
0.0004696388559486623,0.032387131952017444,0.003454347243905849
0.0005254319914156941,0.032958560523446,0.0033239867852240274
0.0006350415952244872,0.034673209741912014,0.003284370994751179
0.0006448114659202486,0.0350541621228644,0.003301426010010282
0.000682024347391502,0.036197746274082135,0.0034780535530124154
0.0007160815962653237,0.03657869865503451,0.0034053438941060764
0.0007219420240446806,0.03676953834969101,0.003420553264113779
0.0007270149694592115,0.03696001454016721,0.0033267035491541894
0.0007371811374570548,0.03696001454016721,0.0033267035491541894
0.000752280043573625,0.037150490730643394,0.0032537540743081696
0.0007549610778575755,0.037150490730643394,0.0032537540743081696
0.0008219880910409821,0.03924681933842237,0.0029828659164766805
0.0009144598971232616,0.041532533624136656,0.002631693680674262
0.000920460154892539,0.041532533624136656,0.002631693680674262
0.0009593128998121528,0.042295165394402034,0.0029643336475441706
0.0011107236957983012,0.04305707015630679,0.0028588328008163056
0.0011141906732832565,0.04305707015630679,0.0028588328008163056
0.0011163928296257196,0.04305707015630679,0.0028588328008163056
0.0011222503632595314,0.04305707015630679,0.0028588328008163056
0.0012626146254519997,0.04477135587059252,0.002654168044298999
0.0013063712816046593,0.04439040348964014,0.0024456410570327706
0.0013624530253597,0.04439040348964014,0.0024456410570327706
0.0014407271379267735,0.04572373682297348,0.0020691077584543767
0.0015523238994376355,0.04572373682297348,0.001989650106420143
0.0015761653506317088,0.045532897128317,0.0018728222708142273
0.0017513791994645412,0.04762813522355509,0.0015809657500949897
0.001824381798492986,0.04896146855688842,0.0019879734623668953
0.0018577064919466165,0.049151944747364604,0.002081975463011603
0.0019988201783396587,0.05124754634678299,0.0020555441838539805
0.002033104164749281,0.052580879680116335,0.001969722311018745
0.002235045584795942,0.05524754634678299,0.002721318325430082
0.0026126100862410226,0.0588669574700109,0.0030746190302410174
0.0027301266493824907,0.06058197019265722,0.0031828010529554515
0.002980212439203475,0.06439258451472192,0.002748432818480887
0.0030105835997251305,0.06439258451472192,0.002748432818480887
0.003059406273463853,0.06439258451472192,0.002748432818480887
0.0033599473492786497,0.06705961468556886,0.002486153909242913
0.003955793812744228,0.0725837877135587,0.003151482331972327
0.0042383589133218325,0.07563322428207926,0.003419156898117392
0.004297298290397876,0.07563322428207926,0.003419156898117392
0.004400771054736887,0.07734750999636497,0.00376785046216076
0.00531856041012799,0.08553980370774264,0.003291530475261363
0.005348887713035506,0.08553980370774264,0.003291530475261363
0.005714276206488901,0.0866826608505998,0.0033970000690120177
0.00697908007886882,0.09887604507451837,0.003494537135127836
0.007108189896442973,0.09887604507451837,0.003494537135127836
0.008213722125886867,0.10554343874954561,0.003384317624048195
0.009484137261600585,0.11373573246092332,0.004085031091325945
0.011740072367674478,0.12135587059251182,0.0041523533308818064
0.012492484967670988,0.1371675754271174,0.004938429630636563
0.012858672770246375,0.14078807706288626,0.005175264753159408
0.01542789876921618,0.15469283896764813,0.004283191486712417
0.016253282910407056,0.16459941839331152,0.006258581292929195
0.017820096738360186,0.19698945837877133,0.008879562145160957
0.01998107448521491,0.2269033078880407,0.005207828890168696
0.029765263309786356,0.28595892402762635,0.008274327022749627
0.03601203420401708,0.3261494002181025,0.014703653738950249
0.03725657726178472,0.38082151944747367,0.013529198424760715
0.04041480874574261,0.5212493638676845,0.00838570527584478
