WAP,importance
WAP075,0.07592603367117812
WAP047,0.0706168404642081
WAP142,0.058924166663444175
WAP041,0.058879783601158406
WAP043,0.057760101714085965
WAP080,0.05355649498615067
WAP040,0.0509142745145593
WAP033,0.04384157336840267
WAP035,0.04312832821497632
WAP034,0.041857404709278054
WAP029,0.040903413193054385
WAP049,0.031051967272128448
WAP253,0.027280640444389586
WAP036,0.027196132674646156
WAP042,0.023137739583737757
WAP048,0.021957519471988894
WAP046,0.02013048106740015
WAP031,0.01652916908450788
WAP053,0.014460672331303085
WAP161,0.012155428061892801
WAP032,0.011326565339745893
WAP052,0.01124744602090089
WAP071,0.010760672867797989
WAP081,0.010619606277280222
WAP024,0.008907842639176513
WAP028,0.008889449178181477
WAP027,0.008714705009374228
WAP039,0.00828144694377192
WAP076,0.008218533365657886
WAP162,0.008168429891834411
WAP143,0.00788295433274546
WAP044,0.007855754055230757
WAP030,0.0075933246180971145
WAP173,0.00727935977441893
WAP020,0.006979419709362568
WAP452,0.0069122100439216
WAP054,0.005777141955956364
WAP019,0.005431457857012178
WAP007,0.0046134802098186595
WAP057,0.004562922695078807
WAP447,0.004394507165957145
WAP225,0.0038678036191494734
WAP026,0.0037594265157411505
WAP014,0.0032370700779587643
WAP156,0.003224368246582779
WAP025,0.003068815720381825
WAP401,0.0027097043789341244
WAP009,0.00243925638596698
WAP172,0.002050451088182807
WAP155,0.0018517920730099025
WAP072,0.0018338441882670036
WAP023,0.0018250474206014896
WAP434,0.001738265915625211
WAP050,0.0016557290898100224
WAP150,0.0016488100145029964
WAP008,0.0012676325938520627
WAP013,0.0012442476982869215
WAP268,0.001141435586202151
WAP500,0.0010690276631246912
WAP045,0.0006492097301173839
WAP345,0.0006321403045678114
WAP248,0.0005032361942843058
WAP154,0.0004966906422976996
WAP384,0.00038475633958207897
WAP326,0.00037565964946362023
WAP289,0.0003167579401309074
WAP051,0.0002663773231144075
WAP224,0.00022464418164580379
WAP185,0.00021852764287049877
WAP184,0.00019551532418014622
WAP058,0.0001516288638605646
WAP362,0.00013732926669577153
WAP017,0.00013205467618283858
WAP325,0.00011390811419503263
WAP273,9.850011085549289e-05
WAP380,8.97707817796797e-05
WAP350,8.152759451883304e-05
WAP404,7.396785286360728e-05
WAP264,6.677232704510839e-05
WAP251,5.983133783061472e-05
WAP337,5.939238561651215e-05
WAP364,5.439030059218377e-05
WAP319,5.348600999566133e-05
WAP323,4.745679977989327e-05
WAP376,3.374761590653085e-05
WAP336,3.1715203079350107e-05
WAP290,3.1603085799456206e-05
WAP294,2.4930269576336728e-05
WAP302,1.813392071471085e-05
WAP346,1.647194768685705e-05
WAP280,8.083534675118601e-06
WAP151,7.2669775285837775e-06
WAP269,7.107057012560623e-06
WAP515,6.752687414150595e-06
WAP393,6.522024918804182e-06
WAP327,6.20185798515901e-06
WAP281,5.66354017996111e-06
WAP508,4.636917697872189e-06
WAP265,4.4543607976345e-06
WAP341,4.431185198665393e-06
WAP328,4.000233307886029e-06
WAP299,3.7018843494085286e-06
WAP358,3.6300748174680977e-06
WAP383,3.5956844386347104e-06
WAP163,3.2238507624935835e-06
WAP392,2.9213653695381833e-06
WAP409,2.5916987737756838e-06
WAP379,2.468493310187399e-06
WAP169,2.365159604778841e-06
WAP359,1.8567946124331672e-06
WAP270,1.721013280188001e-06
WAP324,1.6611604755644473e-06
WAP385,1.078593909611324e-06
WAP402,9.251794157196298e-07
WAP459,9.199408584855895e-07
WAP308,8.642236583219006e-07
WAP305,7.285034475121208e-07
WAP377,4.584863607744242e-07
WAP283,4.353319367553104e-07
WAP166,4.312113079277786e-07
WAP356,3.437836934186845e-07
WAP322,1.7179131033482785e-07
WAP167,1.220196472042156e-07
WAP410,1.1674291766542186e-07
WAP267,1.0204311764435592e-07
WAP357,6.075197777808412e-08
WAP397,4.7611281673972214e-08
WAP018,4.3789164202202655e-08
WAP272,9.10343244824252e-09
WAP275,8.291985024796725e-09
WAP381,6.633325359231699e-09
WAP285,6.367840430394612e-09
WAP271,2.1166453814920446e-09
WAP103,9.745740836791567e-10
WAP100,6.762125480676707e-10
WAP399,4.2784347877097136e-10
WAP320,3.502251481529785e-10
WAP306,2.423007561460838e-10
WAP300,1.8189944277297155e-10
WAP363,1.637787178895642e-11
WAP001,8.589663901504752e-17
WAP519,0.0
WAP002,0.0
WAP005,0.0
WAP006,0.0
WAP022,0.0
WAP021,0.0
WAP480,0.0
WAP479,0.0
WAP478,0.0
WAP477,0.0
WAP476,0.0
WAP475,0.0
WAP474,0.0
WAP473,0.0
WAP472,0.0
WAP471,0.0
WAP470,0.0
WAP469,0.0
WAP468,0.0
WAP467,0.0
WAP180,0.0
WAP179,0.0
WAP178,0.0
WAP177,0.0
WAP176,0.0
WAP175,0.0
WAP174,0.0
WAP171,0.0
WAP170,0.0
WAP168,0.0
WAP165,0.0
WAP164,0.0
WAP157,0.0
WAP153,0.0
WAP518,0.0
WAP517,0.0
WAP198,0.0
WAP197,0.0
WAP196,0.0
WAP195,0.0
WAP194,0.0
WAP193,0.0
WAP192,0.0
WAP191,0.0
WAP190,0.0
WAP189,0.0
WAP188,0.0
WAP187,0.0
WAP186,0.0
WAP183,0.0
WAP182,0.0
WAP181,0.0
WAP214,0.0
WAP213,0.0
WAP212,0.0
WAP211,0.0
WAP210,0.0
WAP209,0.0
WAP208,0.0
WAP207,0.0
WAP206,0.0
WAP205,0.0
WAP204,0.0
WAP203,0.0
WAP202,0.0
WAP201,0.0
WAP200,0.0
WAP199,0.0
WAP148,0.0
WAP147,0.0
WAP146,0.0
WAP145,0.0
WAP144,0.0
WAP141,0.0
WAP140,0.0
WAP139,0.0
WAP138,0.0
WAP137,0.0
WAP136,0.0
WAP135,0.0
WAP220,0.0
WAP219,0.0
WAP218,0.0
WAP216,0.0
WAP250,0.0
WAP249,0.0
WAP237,0.0
WAP236,0.0
WAP235,0.0
WAP234,0.0
WAP233,0.0
WAP232,0.0
WAP231,0.0
WAP230,0.0
WAP229,0.0
WAP228,0.0
WAP223,0.0
WAP222,0.0
WAP221,0.0
WAP149,0.0
WAP279,0.0
WAP278,0.0
WAP277,0.0
WAP276,0.0
WAP274,0.0
WAP266,0.0
WAP263,0.0
WAP262,0.0
WAP261,0.0
WAP260,0.0
WAP259,0.0
WAP258,0.0
WAP257,0.0
WAP256,0.0
WAP255,0.0
WAP252,0.0
WAP134,0.0
WAP133,0.0
WAP132,0.0
WAP131,0.0
WAP130,0.0
WAP129,0.0
WAP128,0.0
WAP127,0.0
WAP126,0.0
WAP125,0.0
WAP124,0.0
WAP123,0.0
WAP122,0.0
WAP121,0.0
WAP120,0.0
WAP119,0.0
WAP314,0.0
WAP313,0.0
WAP312,0.0
WAP311,0.0
WAP310,0.0
WAP309,0.0
WAP298,0.0
WAP297,0.0
WAP295,0.0
WAP292,0.0
WAP291,0.0
WAP288,0.0
WAP287,0.0
WAP286,0.0
WAP284,0.0
WAP282,0.0
WAP115,0.0
WAP114,0.0
WAP113,0.0
WAP112,0.0
WAP111,0.0
WAP110,0.0
WAP109,0.0
WAP108,0.0
WAP107,0.0
WAP106,0.0
WAP105,0.0
WAP104,0.0
WAP318,0.0
WAP317,0.0
WAP316,0.0
WAP315,0.0
WAP344,0.0
WAP343,0.0
WAP342,0.0
WAP340,0.0
WAP339,0.0
WAP338,0.0
WAP335,0.0
WAP334,0.0
WAP332,0.0
WAP331,0.0
WAP330,0.0
WAP329,0.0
WAP321,0.0
WAP118,0.0
WAP117,0.0
WAP116,0.0
WAP097,0.0
WAP096,0.0
WAP091,0.0
WAP090,0.0
WAP089,0.0
WAP088,0.0
WAP087,0.0
WAP086,0.0
WAP085,0.0
WAP084,0.0
WAP083,0.0
WAP354,0.0
WAP352,0.0
WAP351,0.0
WAP348,0.0
WAP347,0.0
WAP069,0.0
WAP068,0.0
WAP067,0.0
WAP372,0.0
WAP371,0.0
WAP370,0.0
WAP369,0.0
WAP368,0.0
WAP367,0.0
WAP366,0.0
WAP361,0.0
WAP355,0.0
WAP102,0.0
WAP101,0.0
WAP099,0.0
WAP098,0.0
WAP389,0.0
WAP388,0.0
WAP387,0.0
WAP386,0.0
WAP382,0.0
WAP378,0.0
WAP375,0.0
WAP374,0.0
WAP373,0.0
WAP082,0.0
WAP079,0.0
WAP078,0.0
WAP077,0.0
WAP074,0.0
WAP073,0.0
WAP070,0.0
WAP414,0.0
WAP413,0.0
WAP412,0.0
WAP411,0.0
WAP408,0.0
WAP407,0.0
WAP406,0.0
WAP405,0.0
WAP403,0.0
WAP400,0.0
WAP398,0.0
WAP396,0.0
WAP395,0.0
WAP394,0.0
WAP391,0.0
WAP390,0.0
WAP066,0.0
WAP065,0.0
WAP064,0.0
WAP063,0.0
WAP062,0.0
WAP061,0.0
WAP060,0.0
WAP059,0.0
WAP056,0.0
WAP055,0.0
WAP422,0.0
WAP421,0.0
WAP420,0.0
WAP418,0.0
WAP417,0.0
WAP415,0.0
WAP037,0.0
WAP446,0.0
WAP443,0.0
WAP440,0.0
WAP439,0.0
WAP437,0.0
WAP436,0.0
WAP435,0.0
WAP432,0.0
WAP431,0.0
WAP430,0.0
WAP428,0.0
WAP427,0.0
WAP426,0.0
WAP425,0.0
WAP424,0.0
WAP466,0.0
WAP465,0.0
WAP464,0.0
WAP463,0.0
WAP462,0.0
WAP461,0.0
WAP460,0.0
WAP457,0.0
WAP456,0.0
WAP455,0.0
WAP454,0.0
WAP453,0.0
WAP450,0.0
WAP449,0.0
WAP448,0.0
WAP038,0.0
WAP010,0.0
WAP502,0.0
WAP501,0.0
WAP499,0.0
WAP498,0.0
WAP496,0.0
WAP495,0.0
WAP494,0.0
WAP493,0.0
WAP492,0.0
WAP490,0.0
WAP489,0.0
WAP486,0.0
WAP484,0.0
WAP483,0.0
WAP481,0.0
WAP516,0.0
WAP514,0.0
WAP513,0.0
WAP512,0.0
WAP511,0.0
WAP510,0.0
WAP509,0.0
WAP507,0.0
WAP506,0.0
WAP505,0.0
WAP504,0.0
WAP503,0.0
WAP016,0.0
WAP015,0.0
WAP012,0.0
WAP011,0.0
