n_estimators,accuracy,error
1,0.8076190476190476,0.19238095238095243
2,0.8923809523809524,0.10761904761904761
3,0.919047619047619,0.080952380952381
4,0.9228571428571428,0.07714285714285718
5,0.9247619047619048,0.07523809523809522
6,0.9485714285714286,0.05142857142857138
7,0.9476190476190476,0.05238095238095242
8,0.9504761904761905,0.049523809523809526
9,0.9552380952380952,0.04476190476190478
10,0.9552380952380952,0.04476190476190478
11,0.9552380952380952,0.04476190476190478
12,0.9580952380952381,0.04190476190476189
13,0.9619047619047619,0.03809523809523807
14,0.9638095238095238,0.03619047619047622
15,0.9647619047619047,0.03523809523809529
16,0.9666666666666667,0.033333333333333326
17,0.9714285714285714,0.02857142857142858
18,0.9704761904761905,0.029523809523809508
19,0.9733333333333334,0.026666666666666616
20,0.9780952380952381,0.02190476190476187
21,0.9752380952380952,0.024761904761904763
22,0.9761904761904762,0.023809523809523836
23,0.9771428571428571,0.02285714285714291
24,0.979047619047619,0.020952380952380945
25,0.98,0.020000000000000018
26,0.98,0.020000000000000018
27,0.981904761904762,0.018095238095238053
28,0.981904761904762,0.018095238095238053
29,0.981904761904762,0.018095238095238053
30,0.981904761904762,0.018095238095238053
31,0.981904761904762,0.018095238095238053
32,0.9828571428571429,0.017142857142857126
33,0.9828571428571429,0.017142857142857126
34,0.9828571428571429,0.017142857142857126
35,0.9838095238095238,0.0161904761904762
36,0.9838095238095238,0.0161904761904762
37,0.9838095238095238,0.0161904761904762
38,0.9847619047619047,0.015238095238095273
39,0.9847619047619047,0.015238095238095273
40,0.9847619047619047,0.015238095238095273
41,0.9847619047619047,0.015238095238095273
42,0.9847619047619047,0.015238095238095273
43,0.9847619047619047,0.015238095238095273
44,0.9857142857142858,0.014285714285714235
45,0.9847619047619047,0.015238095238095273
46,0.9857142857142858,0.014285714285714235
47,0.9847619047619047,0.015238095238095273
48,0.9847619047619047,0.015238095238095273
49,0.9866666666666667,0.013333333333333308
50,0.9866666666666667,0.013333333333333308
51,0.9866666666666667,0.013333333333333308
52,0.9876190476190476,0.012380952380952381
53,0.9876190476190476,0.012380952380952381
54,0.9885714285714285,0.011428571428571455
55,0.9885714285714285,0.011428571428571455
56,0.9895238095238095,0.010476190476190528
57,0.9895238095238095,0.010476190476190528
58,0.9895238095238095,0.010476190476190528
59,0.9895238095238095,0.010476190476190528
60,0.9904761904761905,0.00952380952380949
61,0.9914285714285714,0.008571428571428563
62,0.9914285714285714,0.008571428571428563
63,0.9914285714285714,0.008571428571428563
64,0.9914285714285714,0.008571428571428563
65,0.9914285714285714,0.008571428571428563
66,0.9914285714285714,0.008571428571428563
67,0.9914285714285714,0.008571428571428563
68,0.9923809523809524,0.007619047619047636
69,0.9923809523809524,0.007619047619047636
70,0.9923809523809524,0.007619047619047636
71,0.9923809523809524,0.007619047619047636
72,0.9923809523809524,0.007619047619047636
73,0.9923809523809524,0.007619047619047636
74,0.9923809523809524,0.007619047619047636
75,0.9933333333333333,0.00666666666666671
76,0.9933333333333333,0.00666666666666671
77,0.9933333333333333,0.00666666666666671
78,0.9933333333333333,0.00666666666666671
79,0.9933333333333333,0.00666666666666671
80,0.9933333333333333,0.00666666666666671
81,0.9933333333333333,0.00666666666666671
82,0.9933333333333333,0.00666666666666671
83,0.9933333333333333,0.00666666666666671
84,0.9933333333333333,0.00666666666666671
85,0.9933333333333333,0.00666666666666671
86,0.9933333333333333,0.00666666666666671
87,0.9933333333333333,0.00666666666666671
88,0.9942857142857143,0.005714285714285672
89,0.9942857142857143,0.005714285714285672
90,0.9942857142857143,0.005714285714285672
91,0.9942857142857143,0.005714285714285672
92,0.9942857142857143,0.005714285714285672
93,0.9942857142857143,0.005714285714285672
94,0.9942857142857143,0.005714285714285672
95,0.9942857142857143,0.005714285714285672
96,0.9942857142857143,0.005714285714285672
97,0.9942857142857143,0.005714285714285672
98,0.9942857142857143,0.005714285714285672
99,0.9942857142857143,0.005714285714285672
100,0.9942857142857143,0.005714285714285672
101,0.9942857142857143,0.005714285714285672
102,0.9942857142857143,0.005714285714285672
103,0.9942857142857143,0.005714285714285672
104,0.9942857142857143,0.005714285714285672
105,0.9942857142857143,0.005714285714285672
106,0.9942857142857143,0.005714285714285672
107,0.9942857142857143,0.005714285714285672
108,0.9942857142857143,0.005714285714285672
109,0.9942857142857143,0.005714285714285672
110,0.9933333333333333,0.00666666666666671
111,0.9933333333333333,0.00666666666666671
112,0.9933333333333333,0.00666666666666671
113,0.9933333333333333,0.00666666666666671
114,0.9933333333333333,0.00666666666666671
115,0.9933333333333333,0.00666666666666671
116,0.9933333333333333,0.00666666666666671
117,0.9933333333333333,0.00666666666666671
118,0.9933333333333333,0.00666666666666671
119,0.9933333333333333,0.00666666666666671
120,0.9933333333333333,0.00666666666666671
121,0.9942857142857143,0.005714285714285672
122,0.9933333333333333,0.00666666666666671
123,0.9933333333333333,0.00666666666666671
124,0.9942857142857143,0.005714285714285672
125,0.9942857142857143,0.005714285714285672
126,0.9942857142857143,0.005714285714285672
127,0.9942857142857143,0.005714285714285672
128,0.9942857142857143,0.005714285714285672
129,0.9942857142857143,0.005714285714285672
130,0.9942857142857143,0.005714285714285672
131,0.9942857142857143,0.005714285714285672
132,0.9942857142857143,0.005714285714285672
133,0.9942857142857143,0.005714285714285672
134,0.9942857142857143,0.005714285714285672
135,0.9942857142857143,0.005714285714285672
136,0.9942857142857143,0.005714285714285672
137,0.9942857142857143,0.005714285714285672
138,0.9942857142857143,0.005714285714285672
139,0.9942857142857143,0.005714285714285672
140,0.9942857142857143,0.005714285714285672
141,0.9942857142857143,0.005714285714285672
142,0.9942857142857143,0.005714285714285672
143,0.9942857142857143,0.005714285714285672
144,0.9942857142857143,0.005714285714285672
145,0.9942857142857143,0.005714285714285672
146,0.9942857142857143,0.005714285714285672
147,0.9942857142857143,0.005714285714285672
148,0.9942857142857143,0.005714285714285672
149,0.9942857142857143,0.005714285714285672
150,0.9942857142857143,0.005714285714285672
151,0.9942857142857143,0.005714285714285672
152,0.9942857142857143,0.005714285714285672
153,0.9942857142857143,0.005714285714285672
154,0.9942857142857143,0.005714285714285672
155,0.9942857142857143,0.005714285714285672
156,0.9942857142857143,0.005714285714285672
157,0.9942857142857143,0.005714285714285672
158,0.9942857142857143,0.005714285714285672
159,0.9942857142857143,0.005714285714285672
160,0.9942857142857143,0.005714285714285672
161,0.9942857142857143,0.005714285714285672
162,0.9942857142857143,0.005714285714285672
163,0.9942857142857143,0.005714285714285672
164,0.9942857142857143,0.005714285714285672
165,0.9942857142857143,0.005714285714285672
166,0.9942857142857143,0.005714285714285672
167,0.9942857142857143,0.005714285714285672
168,0.9942857142857143,0.005714285714285672
169,0.9942857142857143,0.005714285714285672
170,0.9942857142857143,0.005714285714285672
171,0.9942857142857143,0.005714285714285672
172,0.9942857142857143,0.005714285714285672
173,0.9942857142857143,0.005714285714285672
174,0.9942857142857143,0.005714285714285672
175,0.9942857142857143,0.005714285714285672
176,0.9942857142857143,0.005714285714285672
177,0.9942857142857143,0.005714285714285672
178,0.9942857142857143,0.005714285714285672
179,0.9942857142857143,0.005714285714285672
180,0.9942857142857143,0.005714285714285672
181,0.9942857142857143,0.005714285714285672
182,0.9942857142857143,0.005714285714285672
183,0.9942857142857143,0.005714285714285672
184,0.9942857142857143,0.005714285714285672
185,0.9942857142857143,0.005714285714285672
186,0.9942857142857143,0.005714285714285672
187,0.9942857142857143,0.005714285714285672
188,0.9942857142857143,0.005714285714285672
189,0.9942857142857143,0.005714285714285672
190,0.9942857142857143,0.005714285714285672
191,0.9942857142857143,0.005714285714285672
192,0.9942857142857143,0.005714285714285672
193,0.9942857142857143,0.005714285714285672
194,0.9942857142857143,0.005714285714285672
195,0.9942857142857143,0.005714285714285672
196,0.9942857142857143,0.005714285714285672
197,0.9942857142857143,0.005714285714285672
198,0.9942857142857143,0.005714285714285672
199,0.9942857142857143,0.005714285714285672
200,0.9942857142857143,0.005714285714285672
201,0.9942857142857143,0.005714285714285672
202,0.9942857142857143,0.005714285714285672
203,0.9942857142857143,0.005714285714285672
204,0.9942857142857143,0.005714285714285672
205,0.9942857142857143,0.005714285714285672
206,0.9942857142857143,0.005714285714285672
207,0.9942857142857143,0.005714285714285672
208,0.9942857142857143,0.005714285714285672
209,0.9942857142857143,0.005714285714285672
210,0.9942857142857143,0.005714285714285672
211,0.9942857142857143,0.005714285714285672
212,0.9942857142857143,0.005714285714285672
213,0.9942857142857143,0.005714285714285672
214,0.9942857142857143,0.005714285714285672
215,0.9952380952380953,0.004761904761904745
216,0.9942857142857143,0.005714285714285672
217,0.9942857142857143,0.005714285714285672
218,0.9942857142857143,0.005714285714285672
219,0.9952380952380953,0.004761904761904745
220,0.9942857142857143,0.005714285714285672
221,0.9952380952380953,0.004761904761904745
222,0.9952380952380953,0.004761904761904745
223,0.9952380952380953,0.004761904761904745
224,0.9952380952380953,0.004761904761904745
225,0.9952380952380953,0.004761904761904745
226,0.9952380952380953,0.004761904761904745
227,0.9952380952380953,0.004761904761904745
228,0.9952380952380953,0.004761904761904745
229,0.9952380952380953,0.004761904761904745
230,0.9952380952380953,0.004761904761904745
231,0.9952380952380953,0.004761904761904745
232,0.9952380952380953,0.004761904761904745
233,0.9952380952380953,0.004761904761904745
234,0.9952380952380953,0.004761904761904745
235,0.9942857142857143,0.005714285714285672
236,0.9952380952380953,0.004761904761904745
237,0.9952380952380953,0.004761904761904745
238,0.9952380952380953,0.004761904761904745
239,0.9952380952380953,0.004761904761904745
240,0.9952380952380953,0.004761904761904745
241,0.9952380952380953,0.004761904761904745
242,0.9952380952380953,0.004761904761904745
243,0.9952380952380953,0.004761904761904745
244,0.9952380952380953,0.004761904761904745
245,0.9952380952380953,0.004761904761904745
246,0.9952380952380953,0.004761904761904745
247,0.9952380952380953,0.004761904761904745
248,0.9952380952380953,0.004761904761904745
249,0.9952380952380953,0.004761904761904745
250,0.9952380952380953,0.004761904761904745
251,0.9952380952380953,0.004761904761904745
252,0.9952380952380953,0.004761904761904745
253,0.9952380952380953,0.004761904761904745
254,0.9952380952380953,0.004761904761904745
255,0.9952380952380953,0.004761904761904745
256,0.9952380952380953,0.004761904761904745
257,0.9952380952380953,0.004761904761904745
258,0.9952380952380953,0.004761904761904745
259,0.9952380952380953,0.004761904761904745
260,0.9952380952380953,0.004761904761904745
261,0.9952380952380953,0.004761904761904745
262,0.9952380952380953,0.004761904761904745
263,0.9952380952380953,0.004761904761904745
264,0.9952380952380953,0.004761904761904745
265,0.9952380952380953,0.004761904761904745
266,0.9952380952380953,0.004761904761904745
267,0.9952380952380953,0.004761904761904745
268,0.9952380952380953,0.004761904761904745
269,0.9952380952380953,0.004761904761904745
270,0.9952380952380953,0.004761904761904745
271,0.9952380952380953,0.004761904761904745
272,0.9952380952380953,0.004761904761904745
273,0.9952380952380953,0.004761904761904745
274,0.9952380952380953,0.004761904761904745
275,0.9952380952380953,0.004761904761904745
276,0.9952380952380953,0.004761904761904745
277,0.9952380952380953,0.004761904761904745
278,0.9952380952380953,0.004761904761904745
279,0.9952380952380953,0.004761904761904745
280,0.9952380952380953,0.004761904761904745
281,0.9952380952380953,0.004761904761904745
282,0.9952380952380953,0.004761904761904745
283,0.9952380952380953,0.004761904761904745
284,0.9952380952380953,0.004761904761904745
285,0.9952380952380953,0.004761904761904745
286,0.9952380952380953,0.004761904761904745
287,0.9952380952380953,0.004761904761904745
288,0.9952380952380953,0.004761904761904745
289,0.9952380952380953,0.004761904761904745
290,0.9952380952380953,0.004761904761904745
291,0.9952380952380953,0.004761904761904745
292,0.9952380952380953,0.004761904761904745
293,0.9952380952380953,0.004761904761904745
294,0.9952380952380953,0.004761904761904745
295,0.9952380952380953,0.004761904761904745
296,0.9952380952380953,0.004761904761904745
297,0.9952380952380953,0.004761904761904745
298,0.9952380952380953,0.004761904761904745
299,0.9952380952380953,0.004761904761904745
300,0.9952380952380953,0.004761904761904745
