Model,Hidden_Percentage,Accuracy,Error,Macro-F1
kNN,0,0.9664179104477612,0.03358208955223885,0.9641699258833325
Gradient Boosting,0,0.9738805970149254,0.026119402985074647,0.972347558774556
kNN,10,0.9104477611940298,0.08955223880597019,0.9060663179821746
Gradient Boosting,10,0.9440298507462687,0.05597014925373134,0.944322387587754
kNN,20,0.8656716417910447,0.13432835820895528,0.8628457061783112
Gradient Boosting,20,0.9160447761194029,0.08395522388059706,0.91411094077154
kNN,30,0.7425373134328358,0.2574626865671642,0.7380211485926026
Gradient Boosting,30,0.8507462686567164,0.14925373134328357,0.8421464088189712
kNN,40,0.6828358208955224,0.3171641791044776,0.678040993137662
Gradient Boosting,40,0.8003731343283582,0.19962686567164178,0.7892882303369221
kNN,50,0.5970149253731343,0.4029850746268657,0.6082818264906829
Gradient Boosting,50,0.7630597014925373,0.23694029850746268,0.758301896448363
