Model,Training Samples,Accuracy,Error,Macro-F1
kNN,100,0.6343283582089553,0.3656716417910447,0.6135299559016855
SVM,100,0.7182835820895522,0.28171641791044777,0.7182255509720354
Decision Tree,100,0.6772388059701493,0.3227611940298507,0.6627065879323738
Gradient Boosting,100,0.7388059701492538,0.26119402985074625,0.7354306618352435
kNN,200,0.7723880597014925,0.2276119402985075,0.7636342003673762
SVM,200,0.832089552238806,0.16791044776119401,0.8287629268218193
Decision Tree,200,0.7089552238805971,0.29104477611940294,0.7009252371065406
Gradient Boosting,200,0.8395522388059702,0.16044776119402981,0.8466219757493342
kNN,500,0.8395522388059702,0.16044776119402981,0.8308527237079977
SVM,500,0.871268656716418,0.12873134328358204,0.8680548471797197
Decision Tree,500,0.7817164179104478,0.21828358208955223,0.7701695100779765
Gradient Boosting,500,0.9458955223880597,0.05410447761194026,0.9460185999984958
kNN,1000,0.8470149253731343,0.15298507462686572,0.8417764131900015
SVM,1000,0.8563432835820896,0.14365671641791045,0.8545301816933654
Decision Tree,1000,0.8115671641791045,0.18843283582089554,0.8063296566071032
Gradient Boosting,1000,0.9664179104477612,0.03358208955223885,0.9665358968512877
kNN,2000,0.835820895522388,0.16417910447761197,0.8229788342678115
SVM,2000,0.871268656716418,0.12873134328358204,0.8680149715666391
Decision Tree,2000,0.8208955223880597,0.17910447761194026,0.8188178441695371
Gradient Boosting,2000,0.9701492537313433,0.02985074626865669,0.9709964320153857
kNN,5000,0.8600746268656716,0.1399253731343284,0.8525284748413491
Decision Tree,5000,0.8507462686567164,0.14925373134328357,0.8466459402853963
Gradient Boosting,5000,0.9664179104477612,0.03358208955223885,0.9643322624904258
