Combination,Training Samples,Selected Model,Accuracy,Error,Macro-F1
Switch Rule,100,Gradient Boosting,0.7388059701492538,0.26119402985074625,0.7354306618352435
Switch Rule,200,Gradient Boosting,0.8395522388059702,0.16044776119402981,0.8466219757493342
Switch Rule,500,Gradient Boosting,0.9458955223880597,0.05410447761194026,0.9460185999984958
Switch Rule,1000,kNN,0.8470149253731343,0.15298507462686572,0.8417764131900015
Switch Rule,2000,kNN,0.835820895522388,0.16417910447761197,0.8229788342678115
Switch Rule,5000,kNN,0.8600746268656716,0.1399253731343284,0.8525284748413491
kNN + Gradient Boosting Voting,100,kNN(k=3) + GB,0.6623134328358209,0.3376865671641791,0.6484007452887209
kNN + Gradient Boosting Voting,200,kNN(k=3) + GB,0.7966417910447762,0.20335820895522383,0.7947714964484801
kNN + Gradient Boosting Voting,500,kNN(k=3) + GB,0.8843283582089553,0.11567164179104472,0.8770707858651656
kNN + Gradient Boosting Voting,1000,kNN(k=3) + GB,0.8656716417910447,0.13432835820895528,0.857764722975384
kNN + Gradient Boosting Voting,2000,kNN(k=3) + GB,0.8675373134328358,0.1324626865671642,0.8561142756394251
kNN + Gradient Boosting Voting,5000,kNN(k=3) + GB,0.8899253731343284,0.1100746268656716,0.8801825944273401
